代码,名称,市场,最新价,估算半年涨幅潜力%,技术面评分,综合评分,潜力逻辑,技术面逻辑,MA5,MA10,MA20,MA60,MACD_DIF,MACD_DEA,KDJ_K,KDJ_D,RSI,量比,20日涨幅%,布林上轨,布林中轨,布林下轨,支撑位,压力位,建议买入价,目标价(半年),止损价,优先等级
603538,美诺华,沪市主板,28.82,88,45,70.8,靠近60日线，突破后空间大；布林中上部，仍有空间；MACD底部金叉，反弹动能强；较60日高点回调33%，超跌反弹；量能放大；KDJ中位偏多,站上60日线；MACD金叉；KDJ金叉未超买；量比1.8,26.97,26.5,26.78,28.56,-0.321,-0.58,61.87,43.25,62.48,1.81,10.17,28.84,26.78,24.71,24.71,28.84,26.24,54.18,23.97,1
000066,中国长城,深市主板,15.87,80,55,70.0,靠近60日线，突破后空间大；布林上轨附近；MACD底部金叉，反弹动能强；较60日高点回调22%，回调充分；放量启动；KDJ中位偏多,站上60日线；MACD金叉；KDJ金叉未超买；量比4.8；突破20日新高,14.57,14.32,14.38,15.18,-0.017,-0.181,57.95,41.6,66.15,4.84,12.63,15.3,14.38,13.45,13.45,15.3,14.09,28.57,13.05,1
600707,彩虹股份,沪市主板,9.55,85,43,68.2,靠近60日线，突破后空间大；布林中上部，仍有空间；MACD底部金叉，反弹动能强；较60日高点回调48%，超跌反弹；量能放大；KDJ超买,短期多头；MACD金叉；量比1.9,9.4,9.03,9.0,9.83,-0.014,-0.154,70.47,63.8,64.68,1.89,4.26,9.78,9.0,8.22,8.22,9.78,8.82,17.67,7.97,1
603986,兆易创新,沪市主板,402.1,88,35,66.8,靠近60日线，突破后空间大；布林中上部，仍有空间；MACD底部金叉，反弹动能强；较60日高点回调52%，超跌反弹；量能放大；KDJ中位偏多,MACD金叉；KDJ金叉未超买；量比1.7,385.0,377.88,384.68,444.99,-8.949,-13.926,63.68,48.28,55.92,1.66,2.45,412.89,384.68,356.48,356.48,412.89,376.99,755.95,345.79,1
300476,胜宏科技,创业板,242.1,88,35,66.8,靠近60日线，突破后空间大；布林中上部，仍有空间；MACD底部金叉，反弹动能强；较60日高点回调32%，超跌反弹；量能放大；KDJ中位偏多,MACD金叉；KDJ金叉未超买；量比1.6,234.08,231.39,233.69,248.58,-3.908,-6.213,60.25,48.49,60.45,1.57,-2.94,255.7,233.69,211.68,211.68,255.7,229.02,455.15,205.33,1
605376,博迁新材,沪市主板,141.33,88,35,66.8,靠近60日线，突破后空间大；布林中上部，仍有空间；MACD底部金叉，反弹动能强；较60日高点回调51%，超跌反弹；量能放大；KDJ中位偏多,MACD金叉；KDJ金叉未超买；量比1.9,138.3,136.6,139.65,159.84,-4.755,-6.082,63.05,56.18,53.11,1.92,-3.57,151.97,139.65,127.33,127.33,151.97,136.86,265.7,123.51,1
603256,宏和科技,沪市主板,159.22,75,53,66.2,靠近60日线，突破后空间大；布林上轨附近；MACD零上金叉，趋势延续；较60日高点回调41%，超跌反弹；放量启动；KDJ超买,短期多头；MACD金叉；量比2.2；突破20日新高,149.08,140.14,137.16,156.27,0.446,-3.574,82.62,72.86,71.17,2.17,18.89,156.67,137.16,117.64,117.64,156.67,134.41,278.64,114.11,1
300058,蓝色光标,创业板,14.05,80,45,66.0,靠近60日线，突破后空间大；布林中上部，仍有空间；MACD底部金叉，反弹动能强；较60日高点回调17%；量能放大；KDJ中低位,站上60日线；MACD金叉；KDJ金叉未超买；量比1.9,13.23,13.21,13.46,13.54,-0.179,-0.209,48.33,30.96,55.92,1.86,6.93,14.39,13.46,12.53,12.53,14.39,13.19,25.29,12.15,1
301308,江波龙,创业板,348.27,92,25,65.2,靠近60日线，突破后空间大；布林中轨下方，回归空间大；MACD底部金叉，反弹动能强；较60日高点回调54%，超跌反弹；量能温和；KDJ中低位,MACD金叉；KDJ金叉未超买,343.41,341.12,353.77,410.95,-13.819,-16.257,47.73,32.95,41.75,1.45,-4.37,386.33,353.77,321.21,321.21,386.33,346.7,668.68,311.57,1
300433,蓝思科技,创业板,34.44,92,25,65.2,靠近60日线，突破后空间大；布林中轨下方，回归空间大；MACD底部金叉，反弹动能强；较60日高点回调38%，超跌反弹；量能温和；KDJ中低位,MACD金叉；KDJ金叉未超买,33.9,33.78,35.43,37.55,-0.899,-0.905,43.19,30.65,35.85,1.44,-11.74,39.67,35.43,31.2,31.2,39.67,34.72,66.12,30.26,1
301377,鼎泰高科,创业板,398.0,80,43,65.2,靠近60日线，突破后空间大；布林中上部，仍有空间；MACD底部金叉，反弹动能强；较60日高点回调30%，回调充分；量能温和；KDJ中位偏多,短期多头；MACD金叉；KDJ金叉未超买,402.96,397.58,397.58,420.97,-4.052,-6.072,59.97,59.48,54.73,1.32,0.86,419.24,397.58,375.93,375.93,419.24,389.63,716.4,364.65,1
600418,江淮汽车,沪市主板,21.32,85,35,65.0,靠近60日线，突破后空间大；布林中上部，仍有空间；MACD底部金叉，反弹动能强；较60日高点回调22%，回调充分；放量启动；KDJ中位偏多,MACD金叉；KDJ金叉未超买；量比2.2,19.68,19.52,20.14,22.05,-0.702,-0.905,51.99,32.02,57.68,2.25,1.14,21.81,20.14,18.46,18.46,21.81,19.73,39.44,17.91,1
300458,全志科技,创业板,33.63,85,35,65.0,靠近60日线，突破后空间大；布林中上部，仍有空间；MACD底部金叉，反弹动能强；较60日高点回调22%，回调充分；放量启动；KDJ中位偏多,MACD金叉；KDJ金叉未超买；量比2.1,31.34,30.55,31.34,34.57,-0.586,-0.969,67.87,47.65,51.28,2.08,9.83,34.37,31.34,28.31,28.31,34.37,30.71,62.22,27.46,1
600301,华锡有色,沪市主板,48.87,78,45,64.8,靠近60日线，突破后空间大；布林中上部，仍有空间；MACD零上金叉，趋势延续；较60日高点回调27%，回调充分；放量启动；KDJ中位偏多,站上60日线；MACD金叉；KDJ金叉未超买；量比3.3,47.77,46.49,46.92,48.3,0.039,-0.271,58.74,51.29,56.18,3.27,3.76,49.75,46.92,44.09,44.09,49.75,45.98,86.99,42.77,1
300308,中际旭创,创业板,927.72,78,43,64.0,靠近60日线，突破后空间大；布林中上部，仍有空间；MACD底部金叉，反弹动能强；较60日高点回调29%，回调充分；缩量；KDJ中位偏多,短期多头；MACD金叉；KDJ金叉未超买,919.79,906.1,879.89,967.1,-1.908,-13.947,68.46,67.57,65.68,0.92,9.03,957.04,879.89,802.74,802.74,957.04,862.29,1651.34,778.66,1
300274,阳光电源,创业板,88.2,90,25,64.0,靠近60日线，突破后空间大；布林中轨下方，回归空间大；MACD底部金叉，反弹动能强；较60日高点回调41%，超跌反弹；量能温和；KDJ中位偏多,MACD金叉；KDJ金叉未超买,86.51,85.62,88.9,104.92,-5.484,-6.545,61.42,44.47,58.77,1.0,-21.12,102.18,88.9,75.62,75.62,102.18,87.12,167.58,73.35,1
000657,中钨高新,深市主板,60.26,90,25,64.0,靠近60日线，突破后空间大；布林中轨下方，回归空间大；MACD底部金叉，反弹动能强；较60日高点回调40%，超跌反弹；量能温和；KDJ中位偏多,MACD金叉；KDJ金叉未超买,61.09,60.53,61.4,64.86,-1.083,-1.254,60.12,58.0,51.62,1.2,-4.36,66.71,61.4,56.09,56.09,66.71,60.17,114.49,54.41,1
301217,铜冠铜箔,创业板,114.54,78,43,64.0,靠近60日线，突破后空间大；布林中上部，仍有空间；MACD零上金叉，趋势延续；较60日高点回调34%，超跌反弹；量能温和；KDJ中位偏多,短期多头；MACD金叉；KDJ金叉未超买,113.15,111.1,110.65,114.07,0.071,-0.647,67.99,63.18,57.85,1.05,6.23,120.7,110.65,100.6,100.6,120.7,108.44,203.88,97.58,1
600549,厦门钨业,沪市主板,49.34,90,25,64.0,靠近60日线，突破后空间大；布林中轨下方，回归空间大；MACD底部金叉，反弹动能强；较60日高点回调45%，超跌反弹；量能温和；KDJ中位偏多,MACD金叉；KDJ金叉未超买,50.07,50.02,50.87,54.86,-1.218,-1.357,52.44,51.85,47.46,1.03,-6.23,54.45,50.87,47.28,47.28,54.45,49.85,93.75,45.86,1
301666,大普微,创业板,401.0,90,25,64.0,靠近60日线，突破后空间大；布林中轨下方，回归空间大；MACD底部金叉，反弹动能强；较60日高点回调41%，超跌反弹；量能温和；KDJ中位偏多,MACD金叉；KDJ金叉未超买,394.53,386.74,409.86,456.88,-14.893,-17.966,55.55,40.72,42.65,1.21,2.56,475.71,409.86,344.01,344.01,475.71,401.66,761.9,333.69,1
605589,圣泉集团,沪市主板,40.58,78,43,64.0,靠近60日线，突破后空间大；布林中上部，仍有空间；MACD零上金叉，趋势延续；较60日高点回调37%，超跌反弹；量能温和；KDJ中位偏多,短期多头；MACD金叉；KDJ金叉未超买,40.91,39.83,39.31,42.05,0.035,-0.407,68.13,66.79,58.27,1.2,7.67,41.89,39.31,36.72,36.72,41.89,38.52,72.23,35.62,1
301396,宏景科技,创业板,194.99,82,35,63.2,靠近60日线，突破后空间大；布林上轨附近；MACD底部金叉，反弹动能强；较60日高点回调43%，超跌反弹；放量启动；KDJ超买,MACD金叉；量比2.2；突破20日新高,179.94,174.25,175.33,198.71,-2.501,-5.449,71.89,56.53,66.13,2.22,13.14,189.02,175.33,161.63,161.63,189.02,171.82,354.88,156.78,1
301526,国际复材,创业板,31.0,83,33,63.0,靠近60日线，突破后空间大；布林中上部，仍有空间；MACD底部金叉，反弹动能强；较60日高点回调39%，超跌反弹；缩量；KDJ中位偏多,短期多头；MACD金叉,31.54,30.8,29.71,33.09,-0.228,-0.67,56.97,59.54,66.84,0.85,4.66,33.49,29.71,25.94,25.94,33.49,29.12,56.73,25.16,1
300285,国瓷材料,创业板,66.2,76,43,62.8,靠近60日线，突破后空间大；布林中上部，仍有空间；MACD零上金叉，趋势延续；较60日高点回调39%，超跌反弹；缩量；KDJ中位偏多,短期多头；MACD金叉；KDJ金叉未超买,67.02,65.1,64.87,67.64,0.001,-0.577,69.75,66.72,58.53,0.96,3.24,71.34,64.87,58.39,58.39,71.34,63.57,116.51,56.64,1
300475,香农芯创,创业板,181.2,76,43,62.8,靠近60日线，突破后空间大；布林中上部，仍有空间；MACD零上金叉，趋势延续；较60日高点回调44%，超跌反弹；缩量；KDJ中位偏多,短期多头；MACD金叉；KDJ金叉未超买,173.76,170.72,170.48,180.06,1.665,-0.004,56.79,44.38,58.42,0.92,18.84,186.01,170.48,154.95,154.95,186.01,167.07,318.91,150.3,1
600378,昊华科技,沪市主板,47.07,88,25,62.8,靠近60日线，突破后空间大；布林中轨下方，回归空间大；MACD底部金叉，反弹动能强；较60日高点回调47%，超跌反弹；缩量；KDJ中位偏多,MACD金叉；KDJ金叉未超买,47.69,47.18,47.92,49.95,-0.192,-0.251,65.1,57.51,40.74,0.68,6.86,52.51,47.92,43.34,43.34,52.51,46.96,88.49,42.04,1
600703,三安光电,沪市主板,12.87,88,25,62.8,靠近60日线，突破后空间大；布林中轨下方，回归空间大；MACD底部金叉，反弹动能强；较60日高点回调40%，超跌反弹；缩量；KDJ中位偏多,MACD金叉；KDJ金叉未超买,12.89,12.74,12.93,13.75,-0.197,-0.248,65.49,52.81,53.26,0.95,-1.23,13.59,12.93,12.27,12.27,13.59,12.67,24.2,11.9,1
000988,华工科技,深市主板,107.09,82,33,62.4,靠近60日线，突破后空间大；布林中上部，仍有空间；MACD底部金叉，反弹动能强；较60日高点回调43%，超跌反弹；量能温和；KDJ超买,短期多头；MACD金叉,107.23,105.48,103.45,114.37,-0.48,-1.785,70.74,64.7,59.55,1.07,3.17,110.78,103.45,96.13,96.13,110.78,101.38,194.9,93.25,1
300223,君正股份,创业板,146.1,82,33,62.4,靠近60日线，突破后空间大；布林中上部，仍有空间；MACD底部金叉，反弹动能强；较60日高点回调48%，超跌反弹；量能温和；KDJ超买,短期多头；MACD金叉,140.86,135.14,134.68,154.69,-0.544,-3.122,74.53,62.1,67.14,1.45,10.62,146.26,134.68,123.09,123.09,146.26,131.98,265.9,119.4,1
300346,南大光电,创业板,55.21,82,33,62.4,靠近60日线，突破后空间大；布林中上部，仍有空间；MACD底部金叉，反弹动能强；较60日高点回调44%，超跌反弹；量能温和；KDJ超买,短期多头；MACD金叉,55.32,53.6,53.53,58.76,-0.443,-1.063,77.68,69.14,60.92,1.16,1.51,57.38,53.53,49.68,49.68,57.38,52.46,100.48,48.19,1
000063,中兴通讯,深市主板,32.91,87,25,62.2,靠近60日线，突破后空间大；布林中轨下方，回归空间大；MACD底部金叉，反弹动能强；较60日高点回调23%，回调充分；量能温和；KDJ中低位,MACD金叉；KDJ金叉未超买,32.55,32.44,33.02,34.65,-0.497,-0.579,45.12,30.95,43.41,1.11,-1.88,34.48,33.02,31.55,31.55,34.48,32.36,61.54,30.6,1
603799,华友钴业,沪市主板,36.66,87,25,62.2,靠近60日线，突破后空间大；布林中轨下方，回归空间大；MACD底部金叉，反弹动能强；较60日高点回调25%，回调充分；量能温和；KDJ中低位,MACD金叉；KDJ金叉未超买,35.81,36.16,37.55,40.21,-1.356,-1.379,38.98,25.78,39.68,1.25,-8.28,40.96,37.55,34.14,34.14,40.96,36.8,68.55,33.12,1
600111,北方稀土,沪市主板,37.9,87,25,62.2,靠近60日线，突破后空间大；布林中轨下方，回归空间大；MACD底部金叉，反弹动能强；较60日高点回调23%，回调充分；量能温和；KDJ中低位,MACD金叉；KDJ金叉未超买,37.37,37.59,38.64,40.6,-0.963,-0.975,41.36,27.67,38.12,1.15,-5.42,41.27,38.64,36.02,36.02,41.27,37.87,70.87,34.94,1
603629,利通电子,沪市主板,115.96,80,35,62.0,靠近60日线，突破后空间大；布林中上部，仍有空间；MACD底部金叉，反弹动能强；较60日高点回调22%，回调充分；量能温和；KDJ中位偏多,站上60日线；MACD金叉；KDJ金叉未超买,112.9,110.04,112.71,114.96,-1.717,-2.294,67.09,53.85,51.5,1.37,-1.37,123.48,112.71,101.94,101.94,123.48,110.46,208.73,98.88,1
600246,万通发展,沪市主板,14.64,68,53,62.0,略高于60日线；布林上轨附近；MACD零上金叉，趋势延续；较60日高点回调31%，超跌反弹；量能放大；KDJ超买,短期多头；MACD金叉；量比1.9；突破20日新高,13.77,13.03,12.77,13.91,0.244,-0.05,78.72,69.66,66.9,1.86,24.6,14.26,12.77,11.28,11.28,14.26,12.51,24.6,10.94,1
600584,长电科技,沪市主板,72.24,85,25,61.0,靠近60日线，突破后空间大；布林中上部，仍有空间；MACD底部金叉，反弹动能强；较60日高点回调37%，超跌反弹；量能温和；KDJ中位偏多,MACD金叉；KDJ金叉未超买,70.95,69.24,70.71,78.87,-1.568,-2.277,66.61,52.12,52.4,1.35,-1.87,76.95,70.71,64.46,64.46,76.95,69.29,133.64,62.53,1
300604,长川科技,创业板,272.85,85,25,61.0,靠近60日线，突破后空间大；布林中上部，仍有空间；MACD底部金叉，反弹动能强；较60日高点回调31%，超跌反弹；量能温和；KDJ中位偏多,MACD金叉；KDJ金叉未超买,274.35,268.19,270.89,284.72,-1.276,-3.04,64.29,59.45,50.12,1.18,-1.21,289.16,270.89,252.61,252.61,289.16,265.47,504.77,245.03,1
001309,德明利,深市主板,411.57,85,25,61.0,靠近60日线，突破后空间大；布林中上部，仍有空间；MACD底部金叉，反弹动能强；较60日高点回调58%，超跌反弹；量能温和；KDJ中位偏多,MACD金叉；KDJ金叉未超买,407.52,404.21,408.81,487.37,-8.957,-13.446,56.67,44.94,49.5,1.02,5.34,437.11,408.81,380.51,380.51,437.11,400.63,761.4,369.09,1
603773,沃格光电,沪市主板,93.18,85,25,61.0,靠近60日线，突破后空间大；布林中上部，仍有空间；MACD底部金叉，反弹动能强；较60日高点回调42%，超跌反弹；量能温和；KDJ中位偏多,MACD金叉；KDJ金叉未超买,94.17,90.74,90.81,95.39,-0.362,-1.336,64.61,61.76,57.88,1.3,-0.15,99.13,90.81,82.48,82.48,99.13,88.99,172.38,80.01,1
000811,冰轮环境,深市主板,39.95,85,25,61.0,靠近60日线，突破后空间大；布林中上部，仍有空间；MACD底部金叉，反弹动能强；较60日高点回调32%，超跌反弹；量能温和；KDJ中位偏多,MACD金叉；KDJ金叉未超买,39.55,38.33,38.74,42.19,-0.367,-0.788,66.46,57.15,56.84,1.29,-0.75,42.6,38.74,34.87,34.87,42.6,37.96,73.91,33.82,1
300136,信维通信,创业板,59.18,85,25,61.0,靠近60日线，突破后空间大；布林中上部，仍有空间；MACD底部金叉，反弹动能强；较60日高点回调52%，超跌反弹；量能温和；KDJ中位偏多,MACD金叉；KDJ金叉未超买,58.89,57.86,58.38,68.18,-1.752,-2.559,66.57,61.98,55.43,1.07,-0.74,61.67,58.38,55.08,55.08,61.67,57.21,109.48,53.43,1
300014,亿纬锂能,创业板,50.55,85,25,61.0,靠近60日线，突破后空间大；布林中轨下方，回归空间大；MACD底部金叉，反弹动能强；较60日高点回调21%，回调充分；量能温和；KDJ中位偏多,MACD金叉；KDJ金叉未超买,49.75,49.39,50.87,53.69,-1.268,-1.456,58.18,43.59,48.74,1.26,-9.15,55.22,50.87,46.51,46.51,55.22,49.85,93.52,45.11,1
300442,润泽科技,创业板,66.73,77,35,60.2,靠近60日线，突破后空间大；布林上轨附近；MACD底部金叉，反弹动能强；较60日高点回调28%，回调充分；放量启动；KDJ超买,MACD金叉；量比2.6；突破20日新高,63.48,62.26,62.86,67.42,-0.723,-1.303,73.34,56.47,59.58,2.56,7.82,66.08,62.86,59.64,59.64,66.08,61.61,118.11,57.85,1
600176,中国巨石,沪市主板,45.47,78,33,60.0,靠近60日线，突破后空间大；布林中上部，仍有空间；MACD零上金叉，趋势延续；较60日高点回调39%，超跌反弹；缩量；KDJ中低位,短期多头；MACD金叉,46.18,45.41,43.82,45.37,0.858,0.52,49.24,57.72,54.35,0.97,15.11,48.26,43.82,39.38,39.38,48.26,42.94,80.94,38.2,1
301165,锐捷网络,创业板,113.53,83,25,59.8,靠近60日线，突破后空间大；布林中轨下方，回归空间大；MACD底部金叉，反弹动能强；较60日高点回调24%，回调充分；缩量；KDJ中位偏多,MACD金叉；KDJ金叉未超买,115.27,111.4,114.27,114.31,-1.085,-1.355,65.44,53.59,39.48,0.95,-1.33,125.64,114.27,102.89,102.89,125.64,111.98,207.76,99.8,1
601208,东材科技,沪市主板,52.19,66,50,59.6,略高于60日线；布林中上部，仍有空间；MACD零上金叉，趋势延续；较60日高点回调26%，回调充分；缩量；KDJ中位偏多,完美多头；MACD金叉；KDJ金叉未超买,52.57,50.4,49.32,47.81,1.441,0.994,69.37,66.65,60.82,0.99,16.91,54.48,49.32,44.15,44.15,54.48,48.33,86.64,42.83,1
300059,东方财富,创业板,18.77,82,25,59.2,靠近60日线，突破后空间大；布林中轨下方，回归空间大；MACD底部金叉，反弹动能强；较60日高点回调15%；量能温和；KDJ中低位,MACD金叉；KDJ金叉未超买,18.46,18.49,18.85,19.56,-0.267,-0.285,46.6,29.77,47.39,1.01,-3.05,19.78,18.85,17.92,17.92,19.78,18.47,34.16,17.38,1
301511,德福科技,创业板,111.1,71,40,58.6,略高于60日线；布林中上部，仍有空间；MACD零上金叉，趋势延续；较60日高点回调32%，超跌反弹；缩量；KDJ中位偏多,完美多头；MACD金叉,110.17,109.28,100.4,96.86,5.484,4.407,62.41,69.06,71.96,0.73,38.41,121.2,100.4,79.61,79.61,121.2,98.39,189.98,77.22,1
300319,麦捷科技,创业板,21.27,71,40,58.6,略高于60日线；布林中上部，仍有空间；MACD零上金叉，趋势延续；较60日高点回调33%，超跌反弹；缩量；KDJ中位偏多,完美多头；MACD金叉,21.52,21.25,20.36,19.02,0.848,0.772,62.88,68.32,61.67,0.8,20.72,22.93,20.36,17.79,17.79,22.93,19.95,36.37,17.26,1
600522,中天科技,沪市主板,36.88,75,33,58.2,靠近60日线，突破后空间大；布林中上部，仍有空间；MACD零上金叉，趋势延续；较60日高点回调38%，超跌反弹；量能温和；KDJ超买,短期多头；MACD金叉,36.28,35.17,34.45,35.73,0.493,0.006,81.15,78.32,64.31,1.34,10.39,37.45,34.45,31.45,31.45,37.45,33.76,64.54,30.51,1
605358,立昂微,沪市主板,46.9,75,33,58.2,靠近60日线，突破后空间大；布林中上部，仍有空间；MACD零上金叉，趋势延续；较60日高点回调44%，超跌反弹；量能温和；KDJ超买,短期多头；MACD金叉,45.97,43.52,42.97,46.53,0.241,-0.574,80.57,70.67,68.73,1.49,10.51,47.2,42.97,38.73,38.73,47.2,42.11,82.08,37.57,1
603650,彤程新材,沪市主板,69.01,75,33,58.2,靠近60日线，突破后空间大；布林中上部，仍有空间；MACD零上金叉，趋势延续；较60日高点回调33%，超跌反弹；量能温和；KDJ超买,短期多头；MACD金叉,71.22,68.46,64.55,67.61,1.913,0.815,72.04,77.39,66.59,1.38,11.32,74.36,64.55,54.74,54.74,74.36,63.26,120.77,53.1,1
600276,恒瑞医药,沪市主板,45.72,80,25,58.0,靠近60日线，突破后空间大；布林中上部，仍有空间；MACD底部金叉，反弹动能强；较60日高点回调21%，回调充分；量能温和；KDJ中位偏多,MACD金叉；KDJ金叉未超买,44.48,43.9,45.12,50.79,-1.511,-1.904,67.13,46.49,50.87,1.14,-2.18,48.26,45.12,41.99,41.99,48.26,44.22,82.3,40.73,1
603019,中科曙光,沪市主板,84.67,80,25,58.0,靠近60日线，突破后空间大；布林中上部，仍有空间；MACD底部金叉，反弹动能强；较60日高点回调25%，回调充分；量能温和；KDJ中位偏多,MACD金叉；KDJ金叉未超买,83.78,83.0,83.99,89.26,-0.989,-1.39,64.58,54.87,46.69,1.44,0.5,87.54,83.99,80.43,80.43,87.54,82.31,152.41,78.02,1
300179,四方达,创业板,42.16,70,40,58.0,略高于60日线；布林中上部，仍有空间；MACD零上金叉，趋势延续；较60日高点回调31%，超跌反弹；量能温和；KDJ超买,完美多头；MACD金叉,44.12,42.85,39.88,39.51,1.881,1.39,70.62,78.34,64.74,1.03,21.6,46.79,39.88,32.96,32.96,46.79,39.08,71.67,31.97,1
603501,豪威集团,沪市主板,82.88,80,25,58.0,靠近60日线，突破后空间大；布林中上部，仍有空间；MACD底部金叉，反弹动能强；较60日高点回调27%，回调充分；量能放大；KDJ超买,MACD金叉；量比1.6,80.39,79.32,80.58,90.33,-2.015,-2.778,70.15,52.97,57.54,1.6,-1.33,84.97,80.58,76.19,76.19,84.97,78.97,149.18,73.9,1
600206,有研新材,沪市主板,49.95,73,35,57.8,靠近60日线，突破后空间大；布林中上部，仍有空间；MACD零上金叉，趋势延续；较60日高点回调28%，回调充分；量能温和；KDJ中位偏多,站上60日线；MACD金叉；KDJ金叉未超买,51.01,48.8,48.92,48.62,0.356,0.076,66.47,62.11,54.92,1.05,-0.76,53.92,48.92,43.92,43.92,53.92,47.94,86.41,42.6,1
000620,盈新发展,深市主板,3.37,66,45,57.6,略高于60日线；布林中上部，仍有空间；MACD零上金叉，趋势延续；较60日高点回调15%；量能放大；KDJ中位偏多,站上60日线；MACD金叉；KDJ金叉未超买；量比1.5,3.23,3.19,3.2,3.1,0.039,0.031,56.13,48.08,63.0,1.53,0.3,3.46,3.2,2.94,2.94,3.46,3.14,5.59,2.85,1
301176,逸豪新材,创业板,63.11,56,60,57.6,已远离60日线；布林中上部，仍有空间；MACD零上金叉，趋势延续；接近60日高点；放量启动；KDJ中位偏多,完美多头；MACD金叉；KDJ金叉未超买；量比2.2,58.43,57.56,51.59,48.75,3.514,2.438,69.06,67.72,79.91,2.23,41.31,65.02,51.59,38.17,38.17,65.02,50.56,98.45,37.02,1
600667,太极实业,沪市主板,19.87,73,33,57.0,靠近60日线，突破后空间大；布林中上部，仍有空间；MACD零上金叉，趋势延续；较60日高点回调38%，超跌反弹；缩量；KDJ超买,短期多头；MACD金叉,20.29,19.67,19.19,20.41,0.058,-0.136,70.05,70.61,59.74,0.97,1.22,21.15,19.19,17.24,17.24,21.15,18.81,34.38,16.72,1
600498,烽火通信,沪市主板,43.51,73,33,57.0,靠近60日线，突破后空间大；布林中上部，仍有空间；MACD零上金叉，趋势延续；较60日高点回调41%，超跌反弹；缩量；KDJ超买,短期多头；MACD金叉,43.47,42.02,41.17,42.52,0.632,0.078,77.79,73.47,64.02,0.86,9.96,44.69,41.17,37.64,37.64,44.69,40.34,75.27,36.51,1
300666,江丰电子,创业板,249.61,73,33,57.0,靠近60日线，突破后空间大；布林中上部，仍有空间；MACD零上金叉，趋势延续；较60日高点回调40%，超跌反弹；缩量；KDJ超买,短期多头；MACD金叉,253.87,244.63,239.51,255.06,2.034,-0.921,79.79,77.72,63.38,0.97,5.83,261.54,239.51,217.47,217.47,261.54,234.72,431.83,210.95,1
600105,永鼎股份,沪市主板,45.41,68,40,56.8,略高于60日线；布林中上部，仍有空间；MACD零上金叉，趋势延续；较60日高点回调33%，超跌反弹；缩量；KDJ超买,完美多头；MACD金叉,45.79,43.53,41.35,41.15,1.557,0.808,81.05,79.31,68.73,0.96,16.02,47.16,41.35,35.55,35.55,47.16,40.53,76.29,34.48,1
601360,三六零,沪市主板,9.18,70,35,56.0,靠近60日线，突破后空间大；布林中上部，仍有空间；MACD底部金叉，反弹动能强；接近60日高点；量能温和；KDJ中位偏多,站上60日线；MACD金叉；KDJ金叉未超买,8.84,8.82,8.88,8.94,-0.032,-0.064,52.54,38.71,56.9,1.19,6.5,9.29,8.88,8.48,8.48,9.29,8.71,15.61,8.23,1
000756,新华制药,深市主板,16.14,51,63,55.8,已远离60日线；布林上轨附近；MACD零上金叉，趋势延续；接近60日高点；放量启动；KDJ中位偏多,短期多头；MACD金叉；KDJ金叉未超买；量比8.0；突破20日新高,13.93,13.47,13.41,13.75,0.167,-0.097,67.29,43.41,78.11,7.95,20.9,14.95,13.41,11.88,11.88,14.95,13.14,24.37,11.52,1
600630,龙头股份,沪市主板,9.48,53,60,55.8,已远离60日线；布林上轨附近；MACD零上金叉，趋势延续；较60日高点回调11%；放量启动；KDJ超买,完美多头；MACD金叉；量比6.6；突破20日新高,8.26,7.64,7.34,7.02,0.437,0.186,80.1,66.71,82.24,6.61,37.79,8.83,7.34,5.85,5.85,8.83,7.19,14.5,5.67,1
000725,京东方Ａ,深市主板,6.0,82,15,55.2,靠近60日线，突破后空间大；布林中上部，仍有空间；MACD底部金叉，反弹动能强；较60日高点回调37%，超跌反弹；量能温和；KDJ超买,MACD金叉,5.84,5.61,5.7,6.16,-0.032,-0.105,74.36,57.61,56.86,1.32,4.9,6.2,5.7,5.2,5.2,6.2,5.58,10.92,5.04,1
600460,士兰微,沪市主板,33.4,82,15,55.2,靠近60日线，突破后空间大；布林中上部，仍有空间；MACD底部金叉，反弹动能强；较60日高点回调41%，超跌反弹；量能温和；KDJ超买,MACD金叉,32.55,31.32,31.79,34.55,-0.258,-0.656,75.72,62.56,68.75,1.11,1.0,35.0,31.79,28.57,28.57,35.0,31.15,60.79,27.71,1
000021,深科技,深市主板,37.01,82,15,55.2,靠近60日线，突破后空间大；布林中上部，仍有空间；MACD底部金叉，反弹动能强；较60日高点回调44%，超跌反弹；量能温和；KDJ超买,MACD金叉,36.58,35.71,35.91,40.88,-0.68,-1.122,72.93,58.91,56.46,1.13,2.15,38.33,35.91,33.5,33.5,38.33,35.19,67.36,32.49,1
603663,三祥新材,沪市主板,48.16,70,33,55.2,略高于60日线；布林中上部，仍有空间；MACD零上金叉，趋势延续；较60日高点回调33%，超跌反弹；量能温和；KDJ超买,短期多头；MACD金叉,46.35,44.54,42.93,43.99,1.257,0.402,82.42,79.19,64.85,1.41,16.95,48.55,42.93,37.3,37.3,48.55,42.07,81.87,36.18,1
600487,亨通光电,沪市主板,73.0,65,40,55.0,略高于60日线；布林上轨附近；MACD零上金叉，趋势延续；较60日高点回调33%，超跌反弹；量能温和；KDJ超买,完美多头；MACD金叉,69.63,66.95,66.53,64.8,1.654,0.784,72.64,63.02,60.78,1.18,12.6,72.85,66.53,60.21,60.21,72.85,65.2,120.45,58.4,1
600110,诺德股份,沪市主板,12.16,65,40,55.0,略高于60日线；布林中上部，仍有空间；MACD零上金叉，趋势延续；较60日高点回调26%，回调充分；量能温和；KDJ超买,完美多头；MACD金叉,12.21,11.75,11.63,11.07,0.373,0.292,81.3,75.48,55.76,1.06,4.29,12.62,11.63,10.64,10.64,12.62,11.4,20.06,10.32,1
603061,金海通股份,沪市主板,344.3,75,25,55.0,靠近60日线，突破后空间大；布林中上部，仍有空间；MACD零上金叉，趋势延续；较60日高点回调37%，超跌反弹；量能温和；KDJ超买,站上60日线；MACD金叉,345.87,327.76,329.88,342.89,2.803,-1.057,72.62,62.63,57.32,1.15,-0.86,365.06,329.88,294.7,294.7,365.06,323.28,602.52,285.86,1
300489,光智科技,创业板,249.01,68,35,54.8,略高于60日线；布林中上部，仍有空间；MACD零上金叉，趋势延续；较60日高点回调21%，回调充分；量能温和；KDJ中位偏多,站上60日线；MACD金叉；KDJ金叉未超买,229.3,218.73,223.45,219.88,3.139,0.767,65.43,48.1,58.46,1.25,19.54,251.7,223.45,195.19,195.19,251.7,218.98,418.34,189.33,1
000981,山子高科,深市主板,2.88,58,50,54.8,略高于60日线；布林中上部，仍有空间；MACD零上金叉，趋势延续；接近60日高点；量能温和；KDJ中位偏多,完美多头；MACD金叉；KDJ金叉未超买,2.92,2.84,2.78,2.73,0.049,0.022,64.19,62.63,55.56,1.1,4.73,3.04,2.78,2.52,2.52,3.04,2.72,4.55,2.44,1
601086,国芳集团,沪市主板,18.16,51,60,54.6,已远离60日线；布林中上部，仍有空间；MACD零上金叉，趋势延续；接近60日高点；量能放大；KDJ超买,完美多头；MACD金叉；量比1.7；突破20日新高,16.21,16.16,13.45,9.41,2.268,2.015,76.68,74.21,75.14,1.66,142.46,20.36,13.45,6.55,6.55,20.36,13.18,27.42,6.35,1
000993,闽东电力,深市主板,20.91,51,60,54.6,已远离60日线；布林中上部，仍有空间；MACD零上金叉，趋势延续；接近60日高点；量能放大；KDJ超买,完美多头；MACD金叉；量比1.8；突破20日新高,19.48,16.74,13.47,11.11,2.59,1.634,98.15,95.99,93.4,1.82,111.64,21.6,13.47,5.35,5.35,21.6,13.21,31.57,5.19,1
301132,满坤科技,创业板,68.33,51,60,54.6,已远离60日线；布林中上部，仍有空间；MACD零上金叉，趋势延续；接近60日高点；量能放大；KDJ超买,完美多头；MACD金叉；量比1.9；突破20日新高,62.76,57.75,48.38,39.52,7.464,5.468,87.06,87.32,91.77,1.94,88.6,70.26,48.38,26.51,26.51,70.26,47.42,103.18,25.71,1
300054,鼎龙股份,创业板,71.07,80,15,54.0,靠近60日线，突破后空间大；布林中上部，仍有空间；MACD底部金叉，反弹动能强；较60日高点回调36%，超跌反弹；缩量；KDJ超买,MACD金叉,71.46,69.39,69.76,75.04,-0.789,-1.474,75.05,67.95,58.14,0.98,-1.55,74.78,69.76,64.73,64.73,74.78,68.36,127.93,62.79,1
000962,东方钽业,深市主板,60.53,68,33,54.0,略高于60日线；布林中上部，仍有空间；MACD零上金叉，趋势延续；较60日高点回调37%，超跌反弹；缩量；KDJ超买,短期多头；MACD金叉,60.13,56.59,55.59,55.77,1.59,0.62,85.5,77.85,61.73,0.99,15.69,62.65,55.59,48.53,48.53,62.65,54.48,101.69,47.07,1
300857,协创数据,创业板,273.35,63,40,53.8,略高于60日线；布林中上部，仍有空间；MACD零上金叉，趋势延续；较60日高点回调20%，回调充分；缩量；KDJ超买,完美多头；MACD金叉,268.06,262.68,260.76,254.59,4.497,3.318,71.65,60.29,56.1,0.9,15.71,279.01,260.76,242.51,242.51,279.01,255.54,445.56,235.23,1
000338,潍柴动力,深市主板,27.03,73,25,53.8,靠近60日线，突破后空间大；布林中上部，仍有空间；MACD底部金叉，反弹动能强；较60日高点回调16%；缩量；KDJ中位偏多,MACD金叉；KDJ金叉未超买,26.7,26.67,26.8,27.55,-0.342,-0.434,61.1,51.1,57.13,0.69,0.0,28.04,26.8,25.55,25.55,28.04,26.26,46.76,24.78,1
600367,红星发展,沪市主板,38.29,73,25,53.8,靠近60日线，突破后空间大；布林中上部，仍有空间；MACD零上金叉，趋势延续；较60日高点回调40%，超跌反弹；缩量；KDJ超买,站上60日线；MACD金叉,37.3,36.17,37.29,36.5,0.249,0.098,70.01,59.62,49.69,0.99,-2.17,41.71,37.29,32.87,32.87,41.71,36.55,66.24,31.88,1
300394,天孚通信,创业板,275.84,56,50,53.6,略高于60日线；布林中上部，仍有空间；MACD零上金叉，趋势延续；接近60日高点；缩量；KDJ中位偏多,完美多头；MACD金叉；KDJ金叉未超买,277.18,268.68,262.71,245.14,7.255,5.754,69.17,67.51,64.86,0.74,8.98,284.14,262.71,241.27,241.27,284.14,257.45,430.31,234.03,1
000823,超声电子,深市主板,25.22,56,50,53.6,已远离60日线；布林中上部，仍有空间；MACD零上金叉，趋势延续；较60日高点回调11%；量能放大；KDJ超买,完美多头；MACD金叉；量比1.9,24.63,22.59,19.0,16.76,2.582,1.806,88.54,88.49,84.2,1.85,71.22,27.43,19.0,10.57,10.57,27.43,18.62,39.34,10.25,1
000070,特发信息,深市主板,18.63,56,50,53.6,已远离60日线；布林中上部，仍有空间；MACD零上金叉，趋势延续；较60日高点回调11%；量能放大；KDJ超买,完美多头；MACD金叉；量比1.5,18.1,17.4,16.68,15.59,0.783,0.545,77.51,74.82,69.78,1.51,17.32,18.68,16.68,14.68,14.68,18.68,16.34,29.06,14.24,1
000100,TCL科技,深市主板,5.03,72,25,53.2,靠近60日线，突破后空间大；布林中上部，仍有空间；MACD底部金叉，反弹动能强；较60日高点回调20%；量能温和；KDJ超买,站上60日线；MACD金叉,4.94,4.82,4.86,5.01,-0.007,-0.044,78.95,61.69,59.21,1.05,2.44,5.14,4.86,4.58,4.58,5.14,4.76,8.65,4.44,1
603127,昭衍新药,沪市主板,46.12,72,25,53.2,靠近60日线，突破后空间大；布林中上部，仍有空间；MACD底部金叉，反弹动能强；较60日高点回调17%；量能温和；KDJ超买,站上60日线；MACD金叉,45.31,43.94,44.61,45.91,-0.465,-0.822,71.11,59.55,56.32,1.22,-1.68,48.45,44.61,40.77,40.77,48.45,43.72,79.33,39.55,1
603296,华勤技术,沪市主板,79.93,72,25,53.2,靠近60日线，突破后空间大；布林中上部，仍有空间；MACD底部金叉，反弹动能强；较60日高点回调13%；量能温和；KDJ超买,站上60日线；MACD金叉,79.66,77.9,78.18,78.98,-0.009,-0.445,73.86,63.7,50.26,1.11,3.55,81.84,78.18,74.52,74.52,81.84,76.62,137.48,72.28,1
001389,广合科技,深市主板,198.65,53,53,53.0,已远离60日线；布林上轨附近；MACD零上金叉，趋势延续；较60日高点回调16%；放量启动；KDJ超买,短期多头；MACD金叉；量比3.6；突破20日新高,178.8,175.93,167.36,167.91,5.653,2.704,75.61,71.63,80.43,3.6,30.94,190.68,167.36,144.05,144.05,190.68,164.02,303.93,139.73,1
000002,万 科Ａ,深市主板,3.81,48,60,52.8,已远离60日线；布林上轨附近；MACD零上金叉，趋势延续；接近60日高点；放量启动；KDJ超买,完美多头；MACD金叉；量比3.6；突破20日新高,3.37,3.23,3.2,3.17,0.077,0.011,71.8,50.08,77.04,3.62,21.73,3.6,3.2,2.79,2.79,3.6,3.13,5.64,2.71,1
301047,义翘神州,创业板,136.22,48,60,52.8,已远离60日线；布林上轨附近；MACD零上金叉，趋势延续；接近60日高点；放量启动；KDJ超买,完美多头；MACD金叉；量比2.4；突破20日新高,114.97,106.51,102.0,91.68,5.22,2.26,81.44,70.79,80.04,2.37,28.16,123.33,102.0,80.67,80.67,123.33,99.96,201.61,78.25,1
301230,泓博医药,创业板,39.6,48,60,52.8,已远离60日线；布林上轨附近；MACD零上金叉，趋势延续；接近60日高点；放量启动；KDJ超买,完美多头；MACD金叉；量比2.2；突破20日新高,35.25,32.43,31.68,30.93,1.089,0.128,79.1,64.23,76.03,2.15,20.73,37.67,31.68,25.7,25.7,37.67,31.05,58.61,24.93,1
000636,风华高科,深市主板,57.75,65,33,52.2,略高于60日线；布林中上部，仍有空间；MACD零上金叉，趋势延续；较60日高点回调25%，回调充分；量能温和；KDJ超买,短期多头；MACD金叉,58.09,56.34,54.04,54.9,0.946,0.174,74.33,71.31,66.94,1.01,13.21,61.51,54.04,46.57,46.57,61.51,52.96,95.29,45.17,1
300672,国科微,创业板,203.18,65,33,52.2,略高于60日线；布林上轨附近；MACD零上金叉，趋势延续；较60日高点回调34%，超跌反弹；量能温和；KDJ超买,短期多头；MACD金叉,187.53,176.57,175.37,178.31,4.475,0.581,76.41,60.73,62.37,1.11,25.97,198.98,175.37,151.76,151.76,198.98,171.86,335.25,147.21,1
300395,菲利华,创业板,97.08,70,25,52.0,略高于60日线；布林中上部，仍有空间；MACD零上金叉，趋势延续；较60日高点回调29%，回调充分；量能温和；KDJ中低位,站上60日线；MACD金叉,95.73,96.42,94.25,91.5,1.478,1.451,38.89,44.93,54.29,1.08,9.68,100.72,94.25,87.77,87.77,100.72,92.36,165.04,85.14,1
603601,再升科技,沪市主板,10.45,60,40,52.0,略高于60日线；布林中上部，仍有空间；MACD零上金叉，趋势延续；较60日高点回调19%；量能温和；KDJ超买,完美多头；MACD金叉,10.33,10.23,9.64,9.45,0.291,0.171,72.73,69.68,66.4,1.31,17.68,11.02,9.64,8.27,8.27,11.02,9.45,16.72,8.02,1
300811,铂科新材,创业板,86.45,60,40,52.0,略高于60日线；布林中上部，仍有空间；MACD零上金叉，趋势延续；较60日高点回调18%；量能温和；KDJ超买,完美多头；MACD金叉,84.58,83.74,80.58,75.98,2.758,2.357,77.79,78.12,70.92,1.18,15.92,89.19,80.58,71.96,71.96,89.19,78.96,138.32,69.8,1
600353,旭光电子,沪市主板,33.32,73,20,51.8,靠近60日线，突破后空间大；布林中轨下方，回归空间大；MACD零上死叉，回调中；较60日高点回调30%，超跌反弹；缩量；KDJ中位偏多,站上60日线；KDJ金叉未超买,33.88,33.07,33.52,32.71,0.315,0.338,64.43,60.97,50.84,0.92,-3.56,36.65,33.52,30.4,30.4,36.65,32.85,57.64,29.49,1
601579,会稽山,沪市主板,37.46,46,60,51.6,已远离60日线；布林上轨附近；MACD零上金叉，趋势延续；接近60日高点；量能放大；KDJ超买,完美多头；MACD金叉；量比1.8；突破20日新高,32.92,28.69,25.02,18.83,4.131,2.837,90.71,85.7,86.83,1.79,83.27,35.69,25.02,14.34,14.34,35.69,24.52,54.69,13.91,1
300725,药石科技,创业板,53.5,46,60,51.6,已远离60日线；布林上轨附近；MACD零上金叉，趋势延续；接近60日高点；量能放大；KDJ超买,完美多头；MACD金叉；量比1.7；突破20日新高,48.58,45.91,45.23,43.3,1.062,0.243,83.9,73.67,76.73,1.74,12.07,51.01,45.23,39.46,39.46,51.01,44.33,78.11,38.28,1
300502,新易盛,创业板,455.0,63,33,51.0,靠近60日线，突破后空间大；布林上轨附近；MACD零上金叉，趋势延续；较60日高点回调26%，回调充分；缩量；KDJ超买,短期多头；MACD金叉,440.95,425.24,412.75,449.74,3.354,-4.596,74.37,67.9,74.35,0.99,14.1,454.59,412.75,370.91,370.91,454.59,404.49,741.65,359.78,1
300408,三环集团,创业板,129.48,63,33,51.0,略高于60日线；布林中上部，仍有空间；MACD零上金叉，趋势延续；较60日高点回调27%，回调充分；缩量；KDJ超买,短期多头；MACD金叉,129.63,126.0,118.75,119.65,3.527,1.785,73.35,78.11,82.28,0.99,19.13,135.53,118.75,101.96,101.96,135.53,116.37,211.05,98.9,1
603893,瑞芯微,沪市主板,217.8,55,45,51.0,略高于60日线；布林上轨附近；MACD零上金叉，趋势延续；接近60日高点；放量启动；KDJ超买,站上60日线；MACD金叉；量比2.1；突破20日新高,193.48,187.36,188.4,195.48,0.95,-2.014,72.34,49.29,64.88,2.14,23.62,209.55,188.4,167.24,167.24,209.55,184.63,337.59,162.22,1
301071,力量钻石,创业板,68.5,63,33,51.0,略高于60日线；布林中上部，仍有空间；MACD零上金叉，趋势延续；较60日高点回调28%，回调充分；缩量；KDJ超买,短期多头；MACD金叉,70.09,66.95,63.88,64.29,2.274,1.362,82.24,82.91,64.62,0.89,20.18,72.39,63.88,55.36,55.36,72.39,62.6,111.65,53.7,1
300207,欣旺达,创业板,19.28,58,40,50.8,略高于60日线；布林中上部，仍有空间；MACD零上金叉，趋势延续；接近60日高点；量能温和；KDJ中位偏多,完美多头；MACD金叉,19.8,18.89,18.14,18.01,0.421,0.161,66.48,66.7,69.36,1.26,6.11,20.34,18.14,15.94,15.94,20.34,17.78,30.46,15.46,1
301366,一博科技,创业板,72.16,51,50,50.6,已远离60日线；布林中上部，仍有空间；MACD零上金叉，趋势延续；接近60日高点；量能放大；KDJ超买,完美多头；MACD金叉；量比1.6,71.0,66.24,61.14,52.96,5.011,3.795,80.87,77.97,78.52,1.6,34.58,74.45,61.14,47.83,47.83,74.45,59.92,108.96,46.4,1
300142,沃森生物,创业板,14.02,67,25,50.2,略高于60日线；布林中上部，仍有空间；MACD底部金叉，反弹动能强；较60日高点回调17%；量能温和；KDJ超买,站上60日线；MACD金叉,13.41,13.3,13.56,13.27,-0.006,-0.033,70.96,53.25,63.79,1.22,-8.13,15.02,13.56,12.1,12.1,15.02,13.29,23.41,11.74,1
300620,光库科技,创业板,292.0,70,20,50.0,靠近60日线，突破后空间大；布林中轨下方，回归空间大；MACD零上死叉，回调中；较60日高点回调22%，回调充分；量能温和；KDJ中位偏多,站上60日线；KDJ金叉未超买,294.84,292.66,293.65,281.41,1.293,1.843,51.65,49.56,54.3,1.03,2.45,312.93,293.65,274.37,274.37,312.93,287.77,496.4,266.14,1
601869,长飞光纤,沪市主板,456.6,56,40,49.6,已远离60日线；布林中上部，仍有空间；MACD零上金叉，趋势延续；较60日高点回调16%；量能温和；KDJ中位偏多,完美多头；MACD金叉,459.72,457.2,431.26,388.51,23.101,21.679,66.43,73.92,63.64,1.05,17.67,490.81,431.26,371.72,371.72,490.81,422.64,712.3,360.57,1
603002,宏昌电子,沪市主板,19.8,56,40,49.6,已远离60日线；布林中上部，仍有空间；MACD零上金叉，趋势延续；较60日高点回调23%，回调充分；缩量；KDJ超买,完美多头；MACD金叉,19.38,18.52,17.49,16.66,0.918,0.64,81.69,78.17,75.15,0.93,28.82,20.4,17.49,14.57,14.57,20.4,17.14,30.89,14.13,1
600410,华胜天成,沪市主板,16.48,55,40,49.0,略高于60日线；布林中上部，仍有空间；MACD零上金叉，趋势延续；接近60日高点；量能温和；KDJ超买,完美多头；MACD金叉,16.45,15.72,14.99,14.71,0.538,0.274,75.3,77.83,68.0,1.38,23.63,17.2,14.99,12.78,12.78,17.2,14.69,25.54,12.4,1
603236,移远通信,沪市主板,76.15,48,50,48.8,已远离60日线；布林中上部，仍有空间；MACD零上金叉，趋势延续；接近60日高点；量能温和；KDJ超买,完美多头；MACD金叉；突破20日新高,73.16,67.59,64.04,55.77,4.69,3.51,89.01,82.23,73.89,1.1,40.32,76.41,64.04,51.67,51.67,76.41,62.76,112.7,50.12,1
301018,申菱环境,创业板,102.22,68,20,48.8,靠近60日线，突破后空间大；布林中轨下方，回归空间大；MACD零上死叉，回调中；较60日高点回调23%，回调充分；缩量；KDJ中位偏多,站上60日线；KDJ金叉未超买,103.36,100.5,103.17,97.6,1.689,1.865,55.83,48.21,44.52,0.71,-0.37,111.79,103.17,94.54,94.54,111.79,101.1,171.73,91.7,1
603186,华正新材,沪市主板,226.5,54,40,48.4,已远离60日线；布林中上部，仍有空间；MACD零上金叉，趋势延续；较60日高点回调14%；缩量；KDJ中位偏多,完美多头；MACD金叉,233.79,230.7,205.63,172.46,18.653,17.495,55.44,67.26,66.83,0.74,29.17,260.98,205.63,150.28,150.28,260.98,201.52,348.81,145.77,1
600150,中国船舶,沪市主板,40.12,53,40,47.8,略高于60日线；布林中上部，仍有空间；MACD零上金叉，趋势延续；接近60日高点；缩量；KDJ超买,完美多头；MACD金叉,39.47,39.46,37.48,35.32,1.447,1.248,70.31,67.74,72.03,0.77,17.62,42.58,37.48,32.39,32.39,42.58,36.74,61.38,31.42,1
603936,博敏电子,沪市主板,22.62,53,40,47.8,已远离60日线；布林中上部，仍有空间；MACD零上金叉，趋势延续；较60日高点回调16%；量能温和；KDJ超买,完美多头；MACD金叉,21.88,21.19,19.31,17.39,1.416,1.1,76.69,76.64,78.11,1.48,33.45,23.8,19.31,14.82,14.82,23.8,18.92,34.61,14.38,1
600721,百花医药,沪市主板,14.47,56,35,47.6,已远离60日线；布林中上部，仍有空间；MACD零上金叉，趋势延续；较60日高点回调13%；量能放大；KDJ超买,站上60日线；MACD金叉；量比1.7,12.45,11.8,12.66,10.37,0.213,0.155,75.63,52.58,60.52,1.66,-4.55,16.03,12.66,9.3,9.3,16.03,12.41,22.57,9.02,1
301080,百普赛斯,创业板,118.8,46,50,47.6,已远离60日线；布林上轨附近；MACD零上金叉，趋势延续；接近60日高点；量能放大；KDJ超买,完美多头；MACD金叉；量比1.6,107.13,96.76,90.34,71.91,8.888,6.206,79.58,75.33,73.55,1.59,34.54,114.35,90.34,66.33,66.33,114.35,88.54,173.45,64.34,1
000560,我爱我家,深市主板,3.51,49,45,47.4,已远离60日线；布林中上部，仍有空间；MACD零上金叉，趋势延续；接近60日高点；缩量；KDJ中位偏多,站上60日线；MACD金叉；KDJ金叉未超买；突破20日新高,3.01,2.91,2.92,2.42,0.17,0.151,62.59,43.21,56.09,0.9,46.25,3.55,2.92,2.29,2.29,3.55,2.86,5.23,2.22,1
600028,中国石化,沪市主板,5.31,65,20,47.0,靠近60日线，突破后空间大；布林中轨下方，回归空间大；MACD零上死叉，回调中；接近60日高点；量能温和；KDJ超卖，反弹在即,站上60日线；KDJ金叉未超买,5.22,5.35,5.39,5.16,0.012,0.049,29.49,29.01,44.23,1.26,-0.38,5.67,5.39,5.12,5.12,5.67,5.28,8.76,4.97,1
603068,博通集成,沪市主板,48.17,48,45,46.8,已远离60日线；布林上轨附近；MACD零上金叉，趋势延续；接近60日高点；放量启动；KDJ超买,站上60日线；MACD金叉；量比2.8；突破20日新高,40.86,38.43,38.61,38.52,0.838,-0.093,77.08,55.22,67.86,2.77,32.23,45.18,38.61,32.04,32.04,45.18,37.84,71.29,31.08,1
300548,长芯博创,创业板,236.2,51,40,46.6,已远离60日线；布林中上部，仍有空间；MACD零上金叉，趋势延续；较60日高点回调16%；缩量；KDJ超买,完美多头；MACD金叉,236.77,223.24,214.71,196.19,10.91,8.058,78.57,72.92,67.16,0.92,22.47,244.06,214.71,185.36,185.36,244.06,210.41,356.66,179.8,1
603039,XD泛微网络,沪市主板,39.7,57,30,46.2,略高于60日线；布林中上部，仍有空间；MACD空头；较60日高点回调19%；放量启动；KDJ中低位,站上60日线；KDJ金叉未超买；量比2.4,36.61,36.39,38.07,37.51,-0.889,-0.873,48.11,26.26,50.34,2.4,0.86,42.28,38.07,33.86,33.86,42.28,37.31,62.33,32.84,1
300750,宁德时代,创业板,304.63,70,10,46.0,靠近60日线，突破后空间大；布林中轨下方，回归空间大；MACD空头；较60日高点回调25%，回调充分；量能温和；KDJ超卖，反弹在即,KDJ金叉未超买,302.69,317.23,337.35,367.65,-20.357,-16.98,12.13,12.03,23.53,1.38,-19.62,388.04,337.35,286.65,286.65,388.04,330.6,517.87,278.05,1
600547,山东黄金,沪市主板,31.45,70,10,46.0,靠近60日线，突破后空间大；布林中轨下方，回归空间大；MACD零上死叉，回调中；较60日高点回调19%；量能温和；KDJ超卖，反弹在即,站上60日线,32.89,33.96,35.25,30.36,0.073,0.878,11.55,20.13,16.8,1.03,-8.81,39.09,35.25,31.41,30.36,39.09,34.54,53.46,29.45,1
300759,康龙化成,创业板,44.46,60,25,46.0,略高于60日线；布林中上部，仍有空间；MACD零上金叉，趋势延续；较60日高点回调17%；量能温和；KDJ超买,站上60日线；MACD金叉,43.96,42.83,42.88,40.83,0.276,0.16,73.8,67.45,58.73,1.1,0.63,45.5,42.88,40.25,40.25,45.5,42.02,71.14,39.04,1
600048,保利发展,沪市主板,5.68,50,40,46.0,略高于60日线；布林上轨附近；MACD零上金叉，趋势延续；接近60日高点；量能温和；KDJ超买,完美多头；MACD金叉,5.35,5.23,5.18,5.09,0.073,0.015,76.72,62.67,77.55,1.4,7.98,5.6,5.18,4.75,4.75,5.6,5.07,8.52,4.61,1
600127,金健米业,沪市主板,16.47,43,50,45.8,已远离60日线；布林上轨附近；MACD零上金叉，趋势延续；接近60日高点；量能温和；KDJ超买,完美多头；MACD金叉；突破20日新高,14.28,14.02,13.18,8.43,1.712,1.651,79.93,67.7,67.03,1.1,68.06,16.38,13.18,9.97,8.43,16.38,12.91,23.55,8.18,1
300684,中石科技,创业板,111.76,43,50,45.8,已远离60日线；布林上轨附近；MACD零上金叉，趋势延续；接近60日高点；量能温和；KDJ超买,完美多头；MACD金叉；突破20日新高,99.4,92.34,92.09,71.39,7.08,6.312,75.39,59.93,66.87,1.34,27.87,106.39,92.09,77.78,71.39,106.39,90.25,159.82,69.25,1
300454,深信服,创业板,151.13,43,50,45.8,已远离60日线；布林上轨附近；MACD零上金叉，趋势延续；接近60日高点；量能温和；KDJ超买,完美多头；MACD金叉；突破20日新高,141.7,136.46,132.84,118.94,6.168,4.867,74.6,66.11,77.28,1.32,34.18,149.35,132.84,116.34,116.34,149.35,130.19,216.12,112.85,1
300209,行云科技,创业板,38.15,46,45,45.6,已远离60日线；布林上轨附近；MACD零上金叉，趋势延续；接近60日高点；量能温和；KDJ中位偏多,站上60日线；MACD金叉；KDJ金叉未超买；突破20日新高,35.65,35.93,35.37,32.07,0.757,0.752,64.4,53.8,62.53,1.05,9.25,38.1,35.37,32.64,32.07,38.1,34.66,55.7,31.11,1
300418,昆仑万维,创业板,44.73,62,20,45.2,靠近60日线，突破后空间大；布林中上部，仍有空间；MACD零上死叉，回调中；较60日高点回调16%；量能温和；KDJ中低位,站上60日线；KDJ金叉未超买,43.73,43.82,43.79,43.38,0.221,0.284,43.31,34.36,52.08,1.2,12.67,47.49,43.79,40.1,40.1,47.49,42.92,72.46,38.9,1
600869,远东股份,沪市主板,22.03,68,10,44.8,略高于60日线；布林中上部，仍有空间；MACD零上死叉，回调中；较60日高点回调38%，超跌反弹；缩量；KDJ超卖，反弹在即,站上60日线,21.91,23.02,21.31,19.17,1.153,1.253,28.22,39.62,58.58,0.84,27.19,26.08,21.31,16.55,16.55,26.08,20.88,37.01,16.05,1
300570,太辰光,创业板,227.46,48,40,44.8,已远离60日线；布林中上部，仍有空间；MACD零上金叉，趋势延续；接近60日高点；量能温和；KDJ超买,完美多头；MACD金叉,220.58,210.12,203.54,181.67,11.075,9.047,70.11,69.1,70.29,1.19,15.27,229.14,203.54,177.94,177.94,229.14,199.47,336.64,172.6,1
601872,招商轮船,沪市主板,21.48,48,40,44.8,已远离60日线；布林中上部，仍有空间；MACD零上金叉，趋势延续；接近60日高点；量能温和；KDJ超买,完美多头；MACD金叉,21.69,21.05,19.89,17.71,1.062,0.865,75.06,73.99,66.67,1.35,16.87,22.76,19.89,17.01,17.01,22.76,19.49,31.79,16.5,1
600641,先导基电,沪市主板,43.74,46,43,44.8,已远离60日线；布林上轨附近；MACD零上金叉，趋势延续；较60日高点回调14%；缩量；KDJ超买,短期多头；MACD金叉；突破20日新高,38.21,34.41,33.32,33.96,1.714,0.442,91.27,78.0,77.21,0.98,41.51,40.74,33.32,25.89,25.89,40.74,32.65,63.86,25.11,1
600026,中远海能,沪市主板,21.91,48,40,44.8,已远离60日线；布林中上部，仍有空间；MACD零上金叉，趋势延续；接近60日高点；量能温和；KDJ超买,完美多头；MACD金叉,21.94,21.52,20.44,17.85,1.079,0.973,74.04,74.29,69.49,1.24,17.99,23.07,20.44,17.82,17.82,23.07,20.03,32.43,17.29,1
603920,世运电路,沪市主板,46.15,48,40,44.8,已远离60日线；布林中上部，仍有空间；MACD零上金叉，趋势延续；接近60日高点；量能温和；KDJ超买,完美多头；MACD金叉,44.49,43.03,40.47,38.44,1.893,1.183,86.21,82.84,79.13,1.16,23.99,46.63,40.47,34.3,34.3,46.63,39.66,68.3,33.27,1
301520,万邦医药,创业板,82.38,48,40,44.8,已远离60日线；布林中上部，仍有空间；MACD零上金叉，趋势延续；接近60日高点；量能温和；KDJ超买,完美多头；MACD金叉,76.02,68.5,67.26,60.47,3.273,1.432,78.37,68.81,68.54,1.41,4.09,86.67,67.26,47.85,47.85,86.67,65.91,121.92,46.41,1
603118,共进股份,沪市主板,18.2,58,25,44.8,略高于60日线；布林中上部，仍有空间；MACD零上金叉，趋势延续；较60日高点回调12%；缩量；KDJ超买,站上60日线；MACD金叉,17.83,17.24,17.49,15.88,0.384,0.334,73.6,60.64,53.15,0.85,1.79,19.17,17.49,15.8,15.8,19.17,17.14,28.76,15.33,1
600396,华电辽能,沪市主板,13.86,68,10,44.8,靠近60日线，突破后空间大；布林中轨下方，回归空间大；MACD空头；较60日高点回调27%，回调充分；缩量；KDJ超卖，反弹在即,KDJ金叉未超买,13.59,14.06,14.03,14.49,-0.36,-0.358,27.18,26.99,53.86,0.7,-7.41,15.26,14.03,12.8,12.8,15.26,13.75,23.28,12.42,1
600397,江钨装备,沪市主板,17.49,68,10,44.8,靠近60日线，突破后空间大；布林中轨下方，回归空间大；MACD空头；较60日高点回调45%，超跌反弹；缩量；KDJ中位偏多,KDJ金叉未超买,17.15,16.99,17.55,17.55,-0.097,-0.071,66.01,52.66,44.26,0.97,1.1,19.35,17.55,15.74,15.74,19.35,17.2,29.38,15.27,1
300124,汇川技术,创业板,54.05,67,10,44.2,靠近60日线，突破后空间大；布林中轨下方，回归空间大；MACD空头；较60日高点回调28%，回调充分；量能温和；KDJ中低位,KDJ金叉未超买,52.47,53.15,56.79,60.66,-2.448,-2.249,40.85,24.65,24.68,1.25,-12.68,64.87,56.79,48.72,48.72,64.87,55.66,90.26,47.26,1
601318,中国平安,沪市主板,54.46,60,20,44.0,靠近60日线，突破后空间大；布林中轨下方，回归空间大；MACD零上死叉，回调中；接近60日高点；缩量；KDJ中低位,站上60日线；KDJ金叉未超买,53.73,54.29,54.95,52.57,0.187,0.452,32.17,23.28,42.77,0.86,-1.25,57.08,54.95,52.81,52.57,57.08,53.85,87.14,50.99,1
000737,北方铜业,深市主板,15.11,60,20,44.0,略高于60日线；布林中上部，仍有空间；MACD零上死叉，回调中；较60日高点回调12%；量能温和；KDJ超卖，反弹在即,站上60日线；KDJ金叉未超买,14.48,14.82,14.95,13.93,0.057,0.154,28.09,25.11,51.24,1.13,-2.14,16.39,14.95,13.52,13.52,16.39,14.65,24.18,13.11,1
300017,网宿科技,创业板,15.92,53,30,43.8,略高于60日线；布林中上部，仍有空间；MACD零上死叉，回调中；接近60日高点；量能放大；KDJ中位偏多,站上60日线；KDJ金叉未超买；量比1.5,15.15,15.03,15.38,14.69,0.018,0.033,54.95,42.33,46.5,1.5,6.99,16.49,15.38,14.28,14.28,16.49,15.07,24.36,13.85,1
600601,方正科技,沪市主板,15.36,46,40,43.6,已远离60日线；布林中上部，仍有空间；MACD零上金叉，趋势延续；接近60日高点；缩量；KDJ超买,完美多头；MACD金叉,14.98,14.85,13.81,12.55,0.786,0.701,70.82,73.11,81.49,0.92,32.41,16.3,13.81,11.31,11.31,16.3,13.53,22.43,10.97,1
300903,科翔股份,创业板,109.32,46,40,43.6,已远离60日线；布林中上部，仍有空间；MACD零上金叉，趋势延续；接近60日高点；缩量；KDJ超买,完美多头；MACD金叉,110.97,103.76,96.27,80.69,8.715,7.373,83.21,81.1,74.27,0.82,37.39,118.27,96.27,74.27,74.27,118.27,94.35,159.61,72.04,1
000592,平潭发展,深市主板,8.6,46,40,43.6,已远离60日线；布林中上部，仍有空间；MACD零上金叉，趋势延续；接近60日高点；缩量；KDJ超买,完美多头；MACD金叉,8.56,8.29,7.68,6.67,0.533,0.462,79.67,78.41,69.81,0.81,38.93,9.2,7.68,6.15,6.15,9.2,7.53,12.56,5.97,1
301183,东田微,创业板,306.23,46,40,43.6,已远离60日线；布林中上部，仍有空间；MACD零上金叉，趋势延续；接近60日高点；缩量；KDJ超买,完美多头；MACD金叉,302.48,275.08,251.38,213.63,24.597,18.327,91.13,87.36,82.59,1.0,35.67,316.7,251.38,186.06,186.06,316.7,246.35,447.1,180.48,1
301486,致尚科技,创业板,218.87,46,40,43.6,已远离60日线；布林中上部，仍有空间；MACD零上金叉，趋势延续；接近60日高点；缩量；KDJ超买,完美多头；MACD金叉,216.55,201.29,189.61,172.88,11.95,8.451,84.94,77.65,69.43,0.84,31.06,225.46,189.61,153.76,153.76,225.46,185.81,319.55,149.15,1
600664,哈药股份,沪市主板,9.08,49,35,43.4,已远离60日线；布林中上部，仍有空间；MACD零上金叉，趋势延续；接近60日高点；缩量；KDJ中位偏多,站上60日线；MACD金叉；KDJ金叉未超买,7.92,7.58,8.08,6.69,0.115,0.111,69.99,45.92,48.44,0.83,11.0,9.69,8.08,6.47,6.47,9.69,7.92,13.53,6.28,1
600183,生益科技,沪市主板,143.45,65,10,43.0,靠近60日线，突破后空间大；布林中轨下方，回归空间大；MACD零上死叉，回调中；较60日高点回调18%；缩量；KDJ中低位,站上60日线,146.83,147.4,145.43,137.83,2.729,3.346,40.42,50.64,48.5,0.81,10.34,155.99,145.43,134.86,134.86,155.99,142.52,236.69,130.81,1
301536,星宸科技,创业板,133.08,55,25,43.0,略高于60日线；布林中上部，仍有空间；MACD零上金叉，趋势延续；接近60日高点；量能温和；KDJ超买,站上60日线；MACD金叉,122.4,117.38,120.32,118.67,1.002,-0.25,71.27,50.93,52.9,1.45,18.23,136.08,120.32,104.55,104.55,136.08,117.91,206.27,101.41,1
300033,同花顺,创业板,210.37,65,10,43.0,靠近60日线，突破后空间大；布林中轨下方，回归空间大；MACD空头；较60日高点回调22%，回调充分；缩量；KDJ中低位,KDJ金叉未超买,207.38,208.57,215.97,224.89,-5.213,-4.979,40.03,26.38,42.62,0.76,-5.7,234.72,215.97,197.21,197.21,234.72,211.65,347.11,191.29,1
601601,中国太保,沪市主板,32.15,65,10,43.0,靠近60日线，突破后空间大；布林中轨下方，回归空间大；MACD零上死叉，回调中；接近60日高点；量能温和；KDJ超卖，反弹在即,站上60日线,32.03,32.58,32.72,31.28,0.171,0.37,24.25,24.7,43.49,1.04,0.53,34.27,32.72,31.17,31.17,34.27,32.07,53.05,30.23,1
600613,神奇制药,沪市主板,9.43,58,20,42.8,已远离60日线；布林中轨下方，回归空间大；MACD零上死叉，回调中；较60日高点回调26%，回调充分；量能温和；KDJ中位偏多,站上60日线；KDJ金叉未超买,8.77,8.62,9.53,6.91,0.279,0.446,52.25,32.58,44.89,1.49,-10.62,12.04,9.53,7.02,6.91,12.04,9.34,14.9,6.7,1
300613,富瀚微,创业板,83.74,48,35,42.8,已远离60日线；布林中上部，仍有空间；MACD零上金叉，趋势延续；接近60日高点；量能温和；KDJ超买,站上60日线；MACD金叉；突破20日新高,78.9,73.47,73.62,69.22,2.274,1.09,79.73,64.73,61.94,1.23,26.96,84.3,73.62,62.93,62.93,84.3,72.15,123.94,61.04,1
601988,中国银行,沪市主板,6.65,48,35,42.8,略高于60日线；布林中上部，仍有空间；MACD零上死叉，回调中；接近60日高点；缩量；KDJ中位偏多,完美多头；KDJ金叉未超买,6.59,6.57,6.5,6.09,0.135,0.142,67.52,65.43,48.24,0.85,7.26,6.82,6.5,6.18,6.09,6.82,6.37,9.84,5.91,1
603083,剑桥科技,沪市主板,219.0,54,25,42.4,已远离60日线；布林中上部，仍有空间；MACD零上金叉，趋势延续；较60日高点回调15%；缩量；KDJ中位偏多,站上60日线；MACD金叉,222.59,222.61,208.15,185.94,11.902,11.617,53.4,61.82,67.94,0.83,14.8,243.32,208.15,172.99,172.99,243.32,203.99,337.26,167.8,1
603259,药明康德,沪市主板,167.85,43,40,41.8,已远离60日线；布林上轨附近；MACD零上金叉，趋势延续；接近60日高点；量能温和；KDJ超买,完美多头；MACD金叉,162.8,159.02,157.42,144.1,3.769,3.234,81.44,73.47,68.24,1.08,5.75,166.09,157.42,148.75,144.1,166.09,154.27,240.03,139.78,1
000977,浪潮信息,深市主板,72.15,63,10,41.8,靠近60日线，突破后空间大；布林中轨下方，回归空间大；MACD空头；较60日高点回调25%，回调充分；缩量；KDJ中位偏多,KDJ金叉未超买,71.37,70.68,75.19,77.06,-1.802,-1.513,57.81,39.29,22.48,0.72,-2.22,87.26,75.19,63.13,63.13,87.26,73.69,117.6,61.24,1
000938,紫光股份,深市主板,33.77,63,10,41.8,靠近60日线，突破后空间大；布林中轨下方，回归空间大；MACD空头；较60日高点回调26%，回调充分；缩量；KDJ中位偏多,KDJ金叉未超买,33.67,33.35,34.93,36.18,-0.847,-0.781,56.64,40.25,27.79,0.82,-3.24,39.02,34.93,30.84,30.84,39.02,34.23,55.05,29.91,1
000333,美的集团,深市主板,82.54,63,10,41.8,靠近60日线，突破后空间大；布林中轨下方，回归空间大；MACD空头；接近60日高点；量能放大；KDJ超卖，反弹在即,量比1.6,83.58,85.04,85.88,84.21,-0.422,0.201,22.64,28.74,33.11,1.62,-4.46,89.31,85.88,82.46,82.46,89.31,84.16,134.54,79.99,1
600172,黄河旋风,沪市主板,16.06,53,25,41.8,略高于60日线；布林中上部，仍有空间；MACD零上死叉，回调中；较60日高点回调19%；缩量；KDJ中位偏多,完美多头,16.24,16.14,15.61,14.07,0.725,0.777,65.83,66.53,58.47,0.77,15.54,17.4,15.61,13.83,13.83,17.4,15.3,24.57,13.42,1
600362,江西铜业,沪市主板,45.1,63,10,41.8,靠近60日线，突破后空间大；布林中轨下方，回归空间大；MACD空头；较60日高点回调11%；缩量；KDJ超卖，反弹在即,站上60日线,44.15,45.31,46.51,44.45,-0.434,-0.045,21.91,22.22,45.36,0.85,-7.14,50.98,46.51,42.04,42.04,50.98,45.58,73.51,40.78,1
603268,松发股份,沪市主板,219.0,43,40,41.8,已远离60日线；布林上轨附近；MACD零上金叉，趋势延续；接近60日高点；量能温和；KDJ超买,完美多头；MACD金叉,205.57,201.38,195.31,174.16,8.99,7.239,75.79,68.52,75.0,1.34,16.92,216.08,195.31,174.55,174.16,216.08,191.41,313.17,168.94,1
601168,西部矿业,沪市主板,36.77,63,10,41.8,靠近60日线，突破后空间大；布林中轨下方，回归空间大；MACD空头；较60日高点回调15%；缩量；KDJ超卖，反弹在即,站上60日线,36.13,37.23,38.32,36.26,-0.411,0.006,22.75,23.63,38.4,0.86,-6.34,41.97,38.32,34.68,34.68,41.97,37.55,59.94,33.64,1
600988,赤峰黄金,沪市主板,42.4,63,10,41.8,略高于60日线；布林中轨下方，回归空间大；MACD零上死叉，回调中；较60日高点回调18%；缩量；KDJ超卖，反弹在即,站上60日线,43.7,43.91,45.14,40.1,0.21,0.793,27.31,33.99,35.56,0.62,-9.5,48.62,45.14,41.66,40.1,48.62,44.24,69.11,38.9,1
601138,工业富联,沪市主板,63.3,55,20,41.0,靠近60日线，突破后空间大；布林中上部，仍有空间；MACD空头；较60日高点回调13%；缩量；KDJ中低位,站上60日线；KDJ金叉未超买,62.64,62.88,63.25,62.85,-0.201,-0.161,46.09,37.64,54.4,0.8,4.51,66.35,63.25,60.16,60.16,66.35,61.99,98.12,58.36,1
300364,中文在线,创业板,25.79,55,20,41.0,略高于60日线；布林中上部，仍有空间；MACD零上死叉，回调中；较60日高点回调14%；量能温和；KDJ中位偏多,站上60日线；KDJ金叉未超买,24.68,24.56,24.91,23.8,0.171,0.198,53.4,36.51,46.82,1.09,16.91,28.04,24.91,21.78,21.78,28.04,24.41,39.97,21.13,1
300456,赛微电子,创业板,38.42,55,20,41.0,略高于60日线；布林中上部，仍有空间；MACD零上死叉，回调中；较60日高点回调17%；量能温和；KDJ中位偏多,站上60日线；KDJ金叉未超买,36.74,35.98,37.05,34.32,0.699,0.71,61.98,46.06,45.23,1.31,24.42,41.9,37.05,32.2,32.2,41.9,36.31,59.55,31.23,1
300803,指南针,创业板,57.86,55,20,41.0,靠近60日线，突破后空间大；布林中上部，仍有空间；MACD空头；较60日高点回调16%；量能温和；KDJ中位偏多,站上60日线；KDJ金叉未超买,56.29,55.99,57.52,56.94,-0.375,-0.355,51.7,36.83,49.5,1.27,0.85,61.79,57.52,53.25,53.25,61.79,56.37,89.68,51.65,1
600030,中信证券,沪市主板,26.89,60,10,40.0,靠近60日线，突破后空间大；布林中轨下方，回归空间大；MACD空头；较60日高点回调10%；缩量；KDJ中低位,KDJ金叉未超买,26.56,26.76,27.27,27.81,-0.307,-0.258,33.46,24.81,42.41,0.77,-3.17,28.52,27.27,26.02,26.02,28.52,26.72,43.02,25.24,1
601600,中国铝业,沪市主板,9.27,60,10,40.0,靠近60日线，突破后空间大；布林中轨下方，回归空间大；MACD空头；接近60日高点；量能温和；KDJ超卖，反弹在即,站上60日线,9.25,9.42,9.56,9.21,-0.062,-0.002,26.5,29.2,43.43,1.22,-3.34,10.09,9.56,9.02,9.02,10.09,9.37,14.83,8.75,1
601288,农业银行,沪市主板,6.88,60,10,40.0,靠近60日线，突破后空间大；布林中轨下方，回归空间大；MACD零上死叉，回调中；接近60日高点；缩量；KDJ中低位,站上60日线,6.87,6.9,6.89,6.63,0.047,0.064,43.91,47.28,41.18,0.85,0.29,7.06,6.89,6.72,6.63,7.06,6.76,11.01,6.43,1
600722,金牛化工,沪市主板,18.08,53,20,39.8,已远离60日线；布林中上部，仍有空间；MACD零上死叉，回调中；较60日高点回调15%；量能温和；KDJ超卖，反弹在即,站上60日线；KDJ金叉未超买,16.54,17.09,17.03,12.61,0.92,1.22,27.99,25.51,45.03,1.08,27.86,20.35,17.03,13.71,12.61,20.35,16.69,27.66,12.23,1
300189,神农种业,创业板,6.7,53,20,39.8,已远离60日线；布林中轨下方，回归空间大；MACD零上死叉，回调中；较60日高点回调20%；缩量；KDJ中低位,站上60日线；KDJ金叉未超买,6.57,6.75,6.84,5.41,0.244,0.37,35.04,32.71,50.12,0.68,10.2,7.91,6.84,5.77,5.41,7.91,6.71,10.25,5.25,1
301171,易点天下,创业板,36.68,52,20,39.2,略高于60日线；布林中上部，仍有空间；MACD空头；较60日高点回调11%；量能温和；KDJ中低位,站上60日线；KDJ金叉未超买,34.77,34.92,35.79,33.4,-0.065,0.119,46.09,33.29,53.52,1.35,7.09,39.58,35.79,32.01,32.01,39.58,35.08,55.75,31.05,1
601899,紫金矿业,沪市主板,31.41,63,0,37.8,靠近60日线，突破后空间大；布林中轨下方，回归空间大；MACD空头；较60日高点回调11%；缩量；KDJ超卖，反弹在即,,31.44,32.19,32.97,31.6,-0.378,-0.058,22.54,26.2,39.9,0.65,-8.88,35.41,32.97,30.52,30.52,35.41,32.31,51.2,29.6,1
603993,洛阳钼业,沪市主板,17.81,63,0,37.8,靠近60日线，突破后空间大；布林中轨下方，回归空间大；MACD空头；较60日高点回调15%；缩量；KDJ超卖，反弹在即,,17.62,17.99,18.43,18.56,-0.332,-0.241,20.77,21.62,42.63,0.82,-8.62,19.81,18.43,17.05,17.05,19.81,18.06,29.03,16.54,1
301205,联特科技,创业板,327.5,46,25,37.6,已远离60日线；布林中上部，仍有空间；MACD零上金叉，趋势延续；接近60日高点；缩量；KDJ超买,站上60日线；MACD金叉,313.35,300.41,302.77,277.33,7.129,4.909,74.85,57.89,63.99,0.91,5.24,337.61,302.77,267.94,267.94,337.61,296.72,478.15,259.9,1
601398,工商银行,沪市主板,8.12,55,10,37.0,靠近60日线，突破后空间大；布林中上部，仍有空间；MACD零上死叉，回调中；接近60日高点；量能温和；KDJ中位偏多,站上60日线,8.11,8.11,8.06,7.75,0.091,0.103,55.16,59.73,44.32,1.05,2.53,8.29,8.06,7.84,7.75,8.29,7.9,12.59,7.52,1
600036,招商银行,沪市主板,40.82,55,10,37.0,靠近60日线，突破后空间大；布林中上部，仍有空间；MACD零上死叉，回调中；接近60日高点；缩量；KDJ中低位,站上60日线,40.79,41.08,40.81,39.15,0.429,0.547,35.01,43.07,49.49,0.66,2.56,42.12,40.81,39.49,39.15,42.12,39.99,63.27,37.98,1
600519,贵州茅台,沪市主板,1253.8,60,0,36.0,靠近60日线，突破后空间大；布林中轨下方，回归空间大；MACD空头；接近60日高点；量能温和；KDJ超卖，反弹在即,,1257.69,1269.03,1286.68,1284.79,-12.216,-7.31,9.9,13.19,33.78,1.03,-3.76,1330.22,1286.68,1243.14,1243.14,1330.22,1260.95,2006.08,1205.85,1
600900,长江电力,沪市主板,28.02,60,0,36.0,靠近60日线，突破后空间大；布林中轨下方，回归空间大；MACD零上死叉，回调中；接近60日高点；缩量；KDJ中低位,,28.26,28.3,28.26,28.08,0.026,0.057,38.5,51.51,34.51,0.85,-0.78,28.76,28.26,27.76,27.76,28.76,27.7,44.83,26.93,1
603618,杭电股份,沪市主板,38.79,53,10,35.8,已远离60日线；布林中上部，仍有空间；MACD零上死叉，回调中；较60日高点回调25%，回调充分；缩量；KDJ中低位,站上60日线,39.66,40.24,38.21,32.88,2.296,2.469,46.94,54.99,53.71,0.77,21.52,43.74,38.21,32.68,32.68,43.74,37.44,59.35,31.7,1
300413,芒果超媒,创业板,19.32,46,20,35.6,已远离60日线；布林中上部，仍有空间；MACD零上死叉，回调中；较60日高点回调18%；缩量；KDJ中位偏多,站上60日线；KDJ金叉未超买,18.32,17.97,18.21,16.28,0.581,0.636,55.67,38.84,44.25,0.72,36.92,22.84,18.21,13.57,13.57,22.84,17.84,28.21,13.16,1
600893,航发动力,沪市主板,39.65,52,10,35.2,略高于60日线；布林中上部，仍有空间；MACD零上死叉，回调中；接近60日高点；量能温和；KDJ中低位,站上60日线,39.69,40.29,39.53,36.94,0.754,0.906,30.26,37.91,54.11,1.03,8.04,42.22,39.53,36.83,36.83,42.22,38.74,60.27,35.73,1
600309,万华化学,沪市主板,70.66,58,0,34.8,靠近60日线，突破后空间大；布林中轨下方，回归空间大；MACD空头；接近60日高点；缩量；KDJ超卖，反弹在即,,70.69,72.88,74.38,72.72,-0.828,-0.135,19.0,24.35,37.39,0.67,-4.14,79.49,74.38,69.27,69.27,79.49,72.89,111.64,67.19,1
000651,格力电器,深市主板,38.18,58,0,34.8,靠近60日线，突破后空间大；布林中轨下方，回归空间大；MACD空头；接近60日高点；缩量；KDJ超卖，反弹在即,,38.16,38.44,38.66,38.35,-0.126,-0.031,24.69,26.36,46.38,0.93,-3.54,39.51,38.66,37.8,37.8,39.51,37.88,60.32,36.67,1
600186,莲花控股,沪市主板,12.93,40,25,34.0,已远离60日线；布林中上部，仍有空间；MACD零上死叉，回调中；接近60日高点；量能温和；KDJ超买,完美多头,12.71,12.52,12.22,10.95,0.434,0.437,75.18,72.67,59.93,1.17,13.92,13.25,12.22,11.19,10.95,13.25,11.98,18.1,10.62,1
603228,景旺电子,沪市主板,106.12,43,10,29.8,已远离60日线；布林中上部，仍有空间；MACD零上死叉，回调中；接近60日高点；缩量；KDJ中低位,站上60日线,106.28,107.55,101.43,86.59,4.916,5.211,45.19,55.09,69.31,1.0,17.71,117.5,101.43,85.37,85.37,117.5,99.4,151.75,82.81,1
300757,罗博特科,创业板,605.88,43,10,29.8,已远离60日线；布林中上部，仍有空间；MACD零上死叉，回调中；接近60日高点；缩量；KDJ中低位,站上60日线,613.64,619.28,598.02,514.9,26.275,29.919,33.08,44.93,56.79,0.85,14.55,667.91,598.02,528.13,514.9,667.91,586.06,866.41,499.45,1
300862,蓝盾光电,创业板,57.91,35,35,35.0,已远离60日线；布林上轨附近；MACD零上死叉，回调中；接近60日高点；量能温和；KDJ超买,完美多头；突破20日新高,53.97,51.58,50.91,33.37,4.754,4.957,83.29,75.82,63.06,1.49,11.8,56.95,50.91,44.87,33.37,56.95,49.89,78.18,32.37,2
600330,天通股份,沪市主板,29.71,38,25,32.8,已远离60日线；布林中上部，仍有空间；MACD零上死叉，回调中；接近60日高点；缩量；KDJ超买,完美多头,29.8,29.34,28.63,24.7,1.166,1.246,70.45,69.0,60.05,0.97,12.11,31.33,28.63,25.93,24.7,31.33,28.06,41.0,23.96,2
